timestamp,avg_execution_time,throughput,requests,replicas,avg_cpu,avg_mem,cold,idle_on,busy,init_total,init_reserved,nsgd_cost,has_rejection,lstm_ppo_reward,reward_throughput,reward_cpu,reward_mem,reward_replicas,proxy_requests,proxy_rejections,avg_response_latency_ms,p99_response_latency_ms
1777981944.13355,3.981,34.04,47,24,0.582,0.382,0,23,1,0,0,47,False,748.84,869.0412,7.275,4.775,-132.25,41,25,5539.19,10391.16
1777981974.1675231,3.217,95.0,20,24,0.1388,0.1581,0,23,1,0,0,47,False,6640.21,6768.75,1.735,1.9762,-132.25,18,2,4573.46,10351.92
1777982004.1844587,3.72,66.67,3,5,0.0035,0.1525,19,2,3,0,0,7,False,3331.62,3333.6667,0.0438,1.9062,-4.0,4,1,2621.9,2142.91
1777982034.2012925,3.2,93.75,16,11,0.3101,0.1473,13,6,5,0,0,17,False,6572.51,6591.7969,3.8762,1.8412,-25.0,16,1,2855.17,4780.37
1777982064.2150667,2.978,100.0,28,13,0.2001,0.1873,4,2,11,7,0,50,False,7468.84,7500.0,2.5013,2.3413,-36.0,36,0,3170.5,6193.28
1777982094.228883,3.93,94.74,38,24,0.374,0.1679,0,21,3,0,0,45,False,6606.27,6731.7507,4.675,2.0987,-132.25,38,2,4063.15,10007.64
1777982124.2455661,3.123,100.0,6,24,0.0834,0.1708,0,19,5,0,0,43,False,7370.93,7500.0,1.0425,2.135,-132.25,9,0,2645.72,3297.57
1777982154.2607007,3.291,100.0,16,22,0.1327,0.1642,2,19,3,0,0,41,False,7393.46,7500.0,1.6588,2.0525,-110.25,24,0,2985.43,6505.48
1777982184.2844546,2.987,100.0,34,24,0.0825,0.1742,0,18,6,0,0,42,False,7370.96,7500.0,1.0312,2.1775,-132.25,46,0,4187.28,7998.79
1777982214.2987363,3.904,95.24,21,24,0.2467,0.173,0,24,0,0,0,48,False,6675.99,6802.9932,3.0838,2.1625,-132.25,22,3,5108.8,10339.1
1777982244.3134084,3.183,100.0,15,24,0.0342,0.1731,0,23,1,0,0,47,False,7370.34,7500.0,0.4275,2.1637,-132.25,18,0,2928.23,4566.73
1777982274.3281934,2.812,100.0,3,11,0.0606,0.1752,13,11,0,0,0,22,False,7477.95,7500.0,0.7575,2.19,-25.0,3,0,2816.29,1641.87
1777982304.3424807,2.837,100.0,19,10,0.0916,0.1816,14,10,0,0,0,20,False,7483.17,7500.0,1.145,2.27,-20.25,17,0,2891.92,6425.73
1777982334.3573716,2.737,95.0,20,24,0.0775,0.1842,0,11,13,0,0,35,False,6639.77,6768.75,0.9688,2.3025,-132.25,32,1,3967.16,7696.96
1777982364.3724124,4.067,78.57,28,24,0.2303,0.1691,0,23,1,0,0,47,False,4502.68,4629.9337,2.8788,2.1138,-132.25,27,5,5298.3,10303.7
1777982394.391168,2.066,100.0,2,24,0.0582,0.1558,0,24,0,0,0,48,False,7370.43,7500.0,0.7275,1.9475,-132.25,4,0,3488.21,2498.12
1777982424.4074914,5.01,100.0,14,17,0.0142,0.1779,7,17,0,0,0,34,False,7438.4,7500.0,0.1775,2.2237,-64.0,16,4,6294.86,10178.21
1777982454.4247203,2.502,100.0,3,17,0.0868,0.1606,7,9,8,0,0,26,False,7439.09,7500.0,1.085,2.0075,-64.0,9,0,2466.15,3878.54
1777982484.441647,3.23,81.82,11,17,0.154,0.1733,7,17,0,0,0,34,False,4960.98,5020.8843,1.925,2.1663,-64.0,10,2,4609.08,10105.33
1777982514.4556162,3.782,83.64,55,24,0.1858,0.2007,0,19,5,0,0,43,False,5119.32,5246.7372,2.3225,2.5088,-132.25,54,12,4592.23,10238.65
1777982544.4704409,4.938,100.0,8,24,0.2608,0.1804,0,23,1,0,0,47,False,7373.27,7500.0,3.26,2.255,-132.25,10,0,4096.74,8646.9
1777982574.4866147,3.293,100.0,20,24,0.0825,0.1753,0,23,1,0,0,47,False,7370.97,7500.0,1.0312,2.1913,-132.25,17,0,3297.61,6967.38
1777982604.5061095,3.788,93.75,16,20,0.0424,0.1852,4,20,0,0,0,40,False,6504.39,6591.7969,0.53,2.315,-90.25,16,1,4637.72,9377.32
1777982634.5218537,1.832,100.0,2,17,0.0516,0.1787,7,12,5,0,0,29,False,7438.88,7500.0,0.645,2.2338,-64.0,3,0,1715.42,1781.78
1777982664.5387056,3.894,92.0,50,24,0.2999,0.2026,0,17,7,0,0,41,False,6222.03,6348.0,3.7487,2.5325,-132.25,44,4,3962.31,10016.7
1777982694.5581338,4.344,100.0,19,24,0.1585,0.1788,0,24,0,0,0,48,False,7371.97,7500.0,1.9812,2.235,-132.25,16,0,4349.21,6806.49
1777982724.5724895,3.858,100.0,9,13,0.0036,0.181,11,11,2,0,0,24,False,7466.31,7500.0,0.045,2.2625,-36.0,15,0,3710.57,8816.06
1777982754.5871317,3.616,100.0,4,9,0.1678,0.1973,15,9,0,0,0,18,False,7488.56,7500.0,2.0975,2.4663,-16.0,5,0,3166.21,3301.87
1777982784.6008377,3.968,88.24,17,9,0.1248,0.209,15,9,0,0,0,18,False,5827.9,5839.7232,1.56,2.6125,-16.0,16,2,4590.8,10187.44
1777982814.6148465,5.03,61.54,52,24,0.1807,0.2332,0,23,1,0,0,47,False,2713.3,2840.3787,2.2588,2.915,-132.25,44,17,6340.26,10294.49
1777982844.6292744,4.19,86.36,22,24,0.103,0.1667,0,24,0,0,0,48,False,5464.66,5593.5372,1.2875,2.0837,-132.25,17,0,4036.1,8627.2
1777982874.6439383,2.783,100.0,4,12,0.0359,0.1786,12,7,5,0,0,19,False,7472.43,7500.0,0.4488,2.2325,-30.25,4,0,2787.82,1915.0
1777982904.6597428,5.27,93.75,16,14,0.2589,0.197,10,3,11,0,0,17,False,6555.25,6591.7969,3.2363,2.4625,-42.25,20,1,4537.23,10101.41
1777982934.6776063,2.782,85.71,7,14,0.172,0.1843,10,13,1,0,0,27,False,5471.86,5509.6531,2.15,2.3037,-42.25,16,4,5464.45,10222.45
1777982964.6920836,3.822,77.27,44,24,0.3384,0.2119,0,23,1,0,0,47,False,4352.62,4477.9897,4.23,2.6488,-132.25,42,9,4928.52,10179.99
1777982994.7064712,3.126,100.0,16,24,0.091,0.1814,0,22,2,0,0,46,False,7371.15,7500.0,1.1375,2.2675,-132.25,15,0,3293.93,5590.46
1777983024.7209516,2.645,100.0,20,16,0.1133,0.189,8,16,0,0,0,32,False,7447.53,7500.0,1.4163,2.3625,-56.25,19,2,3456.46,10004.69
1777983054.7370837,3.294,100.0,9,16,0.0463,0.1772,8,14,2,0,0,30,False,7446.54,7500.0,0.5787,2.215,-56.25,9,0,3092.85,5320.15
1777983084.7501144,3.869,100.0,8,12,0.206,0.199,12,12,0,0,0,24,False,7474.81,7500.0,2.575,2.4875,-30.25,10,0,3994.55,7049.23
1777983114.763247,4.488,83.05,59,24,0.3957,0.2128,0,19,5,0,0,43,False,5048.33,5172.9769,4.9463,2.66,-132.25,51,9,4873.18,10469.31
1777983144.7774587,2.911,100.0,4,24,0.1491,0.1637,0,24,0,0,0,48,False,7371.66,7500.0,1.8638,2.0463,-132.25,11,0,3016.64,5696.8
1777983174.7915719,3.071,92.86,14,22,0.0221,0.1683,2,19,3,0,0,41,False,6359.36,6467.2347,0.2762,2.1038,-110.25,14,1,3121.95,4587.69
1777983204.8048952,3.401,100.0,21,13,0.0759,0.1803,11,12,1,0,0,25,False,7467.2,7500.0,0.9487,2.2537,-36.0,21,2,4011.47,10116.56
1777983234.818021,2.787,100.0,19,13,0.1417,0.1806,7,4,9,4,0,37,False,7468.03,7500.0,1.7712,2.2575,-36.0,17,0,2804.29,3981.99
1777983264.83201,4.01,86.21,29,19,0.3666,0.1812,5,15,4,0,0,34,False,5499.97,5574.1231,4.5825,2.265,-81.0,35,6,4449.38,10123.22
1777983294.8460374,4.036,75.0,4,19,0.1788,0.1755,5,17,2,0,0,36,False,4142.18,4218.75,2.235,2.1937,-81.0,12,1,3735.46,7565.05
1777983324.8597798,3.281,100.0,15,19,0.0682,0.178,5,18,1,0,0,37,False,7422.08,7500.0,0.8525,2.225,-81.0,15,0,3515.17,8422.25
1777983354.8737326,3.289,100.0,20,14,0.0582,0.1802,10,14,0,0,0,28,False,7460.73,7500.0,0.7275,2.2525,-42.25,18,0,3550.79,7156.6
1777983384.8879373,2.363,100.0,7,14,0.1094,0.1806,10,7,7,0,0,21,False,7461.38,7500.0,1.3675,2.2575,-42.25,6,0,2367.33,2411.87
1777983414.9040504,4.595,64.1,39,24,0.3542,0.1863,0,24,0,0,0,48,False,2956.11,3081.6075,4.4275,2.3287,-132.25,42,12,5369.57,10338.73
1777983444.9194317,3.855,100.0,15,24,0.1484,0.1685,0,24,0,0,0,48,False,7371.71,7500.0,1.855,2.1063,-132.25,15,0,3642.76,8274.95
1777983474.9364305,1.749,100.0,2,13,0.0045,0.1821,11,11,2,0,0,24,False,7466.33,7500.0,0.0562,2.2763,-36.0,2,0,1753.23,1676.88
1777983504.9492943,4.116,80.0,10,11,0.2533,0.2052,13,5,6,0,0,16,False,4780.73,4800.0,3.1663,2.565,-25.0,17,2,3953.2,10271.7
1777983534.962287,5.035,83.72,43,24,0.2457,0.2122,0,4,20,0,0,28,False,5130.25,5256.7788,3.0713,2.6525,-132.25,42,6,4804.7,10348.56
1777983564.9758317,3.976,64.52,31,24,0.3662,0.1885,0,24,0,0,0,48,False,2996.81,3122.1228,4.5775,2.3563,-132.25,37,11,6604.76,10527.56
1777983594.9905014,3.951,100.0,22,24,0.0459,0.1692,0,24,0,0,0,48,False,7370.44,7500.0,0.5738,2.115,-132.25,19,0,3956.35,6864.88
1777983625.0061564,3.534,100.0,19,22,0.1271,0.182,2,21,1,0,0,43,False,7393.61,7500.0,1.5887,2.275,-110.25,18,0,3352.8,7129.85
1777983655.0201151,3.468,97.87,47,18,0.0279,0.181,6,16,2,0,0,34,False,7114.26,7183.9027,0.3488,2.2625,-72.25,42,1,3605.58,8073.78
1777983685.036978,3.898,95.0,20,18,0.2402,0.195,6,18,0,0,0,36,False,6701.94,6768.75,3.0025,2.4375,-72.25,19,1,4207.75,9810.42
1777983715.0503383,4.063,100.0,9,14,0.0624,0.186,10,5,9,0,0,19,False,7460.85,7500.0,0.78,2.325,-42.25,8,0,4072.52,6769.2
1777983745.064553,2.344,66.67,18,14,0.2202,0.1926,10,10,4,0,0,24,False,3296.58,3333.6667,2.7525,2.4075,-42.25,21,5,5113.67,10462.43
1777983775.0794318,1.934,75.0,8,14,0.2124,0.1859,0,0,14,10,10,1264,True,4181.48,4218.75,2.655,2.3237,-42.25,13,2,3613.54,10103.81
1777983805.095217,5.165,59.57,47,24,0.386,0.208,0,24,0,0,0,48,False,2536.61,2661.4387,4.825,2.6,-132.25,56,15,6293.69,10530.4
1777983835.11089,1.596,100.0,4,24,0.0565,0.1757,0,21,3,0,0,45,False,7370.65,7500.0,0.7063,2.1963,-132.25,4,0,1599.83,1627.25
1777983865.1486375,3.612,100.0,12,14,0.0969,0.1937,10,13,1,0,0,27,False,7461.38,7500.0,1.2112,2.4213,-42.25,15,0,3395.13,6154.3
1777983895.1653671,2.691,100.0,19,13,0.0742,0.1861,11,13,0,0,0,26,False,7467.25,7500.0,0.9275,2.3262,-36.0,18,0,2904.71,7468.75
1777983925.1788895,4.606,91.49,47,24,0.0422,0.1817,0,23,1,0,0,47,False,6148.36,6277.8151,0.5275,2.2713,-132.25,43,6,4948.77,10122.79
1777983955.195752,2.73,100.0,19,24,0.257,0.1718,0,24,0,0,0,48,False,7373.11,7500.0,3.2125,2.1475,-132.25,17,1,3194.06,5835.03
1777983985.2120743,2.362,100.0,8,24,0.0224,0.1685,0,18,6,0,0,42,False,7370.14,7500.0,0.28,2.1063,-132.25,7,0,2370.35,3718.87
1777984015.2252972,3.565,100.0,20,24,0.1263,0.1786,0,22,2,0,0,46,False,7371.56,7500.0,1.5787,2.2325,-132.25,25,0,3767.69,7205.08
1777984045.238855,1.463,100.0,1,23,0.0914,0.1765,1,22,1,0,0,45,False,7382.35,7500.0,1.1425,2.2062,-121.0,5,0,2709.23,3092.3
1777984075.2524705,3.654,97.78,45,24,0.0212,0.1972,0,20,4,0,0,44,False,7041.18,7170.6963,0.265,2.465,-132.25,41,1,3857.25,8099.98
1777984105.2657802,3.482,100.0,18,24,0.2081,0.1655,0,23,1,0,0,47,False,7372.42,7500.0,2.6013,2.0688,-132.25,20,2,5148.11,10533.19
1777984135.2793832,2.545,100.0,6,24,0.0471,0.1704,0,23,1,0,0,47,False,7370.47,7500.0,0.5887,2.13,-132.25,6,0,2504.6,3571.99
1777984165.2953036,3.65,92.86,14,20,0.0666,0.1815,4,20,0,0,0,40,False,6380.09,6467.2347,0.8325,2.2687,-90.25,15,1,3421.52,5769.79
1777984195.3110912,2.459,100.0,14,17,0.0073,0.1801,7,16,1,0,0,33,False,7438.34,7500.0,0.0912,2.2513,-64.0,14,0,2317.96,2865.2
1777984225.3249068,2.093,100.0,3,14,0.0866,0.1863,10,14,0,0,0,28,False,7461.16,7500.0,1.0825,2.3287,-42.25,4,0,2811.2,2968.54
1777984255.3379447,4.296,81.63,49,24,0.3067,0.1917,0,23,1,0,0,47,False,4871.57,4997.5927,3.8337,2.3963,-132.25,43,8,5118.59,10431.38
1777984285.3515453,3.054,100.0,19,24,0.062,0.1877,0,24,0,0,0,48,False,7370.87,7500.0,0.775,2.3462,-132.25,18,0,2965.49,5177.0
1777984315.3652709,2.985,100.0,19,22,0.0266,0.1771,2,22,0,0,0,44,False,7392.3,7500.0,0.3325,2.2138,-110.25,17,0,2888.5,6584.19
1777984345.380125,2.911,100.0,13,13,0.0286,0.1822,11,8,5,0,0,21,False,7466.64,7500.0,0.3575,2.2775,-36.0,12,0,2929.21,5432.3
1777984375.3934708,4.14,95.24,21,13,0.2039,0.197,0,0,13,11,11,1368,True,6772.0,6802.9932,2.5488,2.4625,-36.0,21,1,4471.29,9535.06
1777984405.4111419,5.589,71.43,42,24,0.3818,0.1849,0,22,2,0,0,46,False,3701.52,3826.6837,4.7725,2.3113,-132.25,44,10,6707.59,10418.39
1777984435.4269588,3.562,100.0,6,24,0.1519,0.1717,0,23,1,0,0,47,False,7371.8,7500.0,1.8988,2.1462,-132.25,6,1,4642.25,9806.57
1777984465.4416246,2.752,100.0,16,13,0.051,0.1822,11,13,0,0,0,26,False,7466.91,7500.0,0.6375,2.2775,-36.0,16,0,2819.4,4275.34
1777984495.4545898,4.641,71.43,21,24,0.0297,0.2052,0,24,0,0,0,48,False,3697.37,3826.6837,0.3713,2.565,-132.25,18,5,6201.91,10327.82
1777984525.4679468,3.427,97.78,45,24,0.0848,0.1601,0,21,3,0,0,45,False,7041.51,7170.6963,1.06,2.0012,-132.25,41,3,4039.92,10240.91
1777984555.4845812,3.843,95.24,21,24,0.2075,0.1846,0,24,0,0,0,48,False,6675.64,6802.9932,2.5938,2.3075,-132.25,20,3,4791.1,10045.02
1777984585.5008757,1.955,100.0,4,18,0.0148,0.1782,6,12,6,0,0,30,False,7430.16,7500.0,0.185,2.2275,-72.25,5,0,1849.74,1896.13
1777984615.5162218,4.301,90.91,11,13,0.1702,0.192,11,4,9,0,0,17,False,6167.0,6198.4711,2.1275,2.4,-36.0,16,1,4872.09,9500.11
1777984645.5299754,4.738,40.0,10,13,0.2111,0.1966,11,12,1,0,0,25,False,1169.1,1200.0,2.6387,2.4575,-36.0,16,5,5786.54,10765.53
1777984675.5449767,4.471,80.77,52,24,0.3163,0.2291,0,23,1,0,0,47,False,4767.41,4892.8447,3.9538,2.8638,-132.25,48,9,5361.47,10196.79
1777984705.5585525,3.565,100.0,10,24,0.081,0.1664,0,24,0,0,0,48,False,7370.84,7500.0,1.0125,2.08,-132.25,13,0,3262.35,8183.17
1777984735.5733383,3.248,100.0,6,17,0.0366,0.173,7,14,3,0,0,31,False,7438.62,7500.0,0.4575,2.1625,-64.0,5,0,3251.81,3934.97
1777984765.5866284,4.299,92.86,14,15,0.0953,0.1893,9,13,2,0,0,28,False,6421.79,6467.2347,1.1912,2.3662,-49.0,16,1,4449.81,9070.55
1777984795.5995026,4.704,100.0,18,15,0.1165,0.2004,9,15,0,0,0,30,False,7454.96,7500.0,1.4563,2.505,-49.0,16,0,4512.53,7673.96
1777984825.61382,2.933,100.0,21,18,0.1034,0.1856,0,0,18,6,0,48,False,7431.36,7500.0,1.2925,2.32,-72.25,23,0,3310.31,5646.69
1777984855.6283467,5.758,36.84,19,24,0.3611,0.1809,0,22,2,0,0,46,False,892.41,1017.8892,4.5137,2.2612,-132.25,23,11,7449.43,10446.44
1777984885.641852,3.143,100.0,15,24,0.077,0.1685,0,24,0,0,0,48,False,7370.82,7500.0,0.9625,2.1063,-132.25,15,0,3195.65,5108.61
1777984915.6588175,4.518,100.0,14,16,0.0608,0.1948,8,13,3,0,0,29,False,7446.95,7500.0,0.76,2.435,-56.25,15,2,5222.58,10006.37
1777984945.6754277,4.705,66.67,3,15,0.2035,0.1862,9,10,5,0,0,25,False,3289.54,3333.6667,2.5437,2.3275,-49.0,5,2,7614.36,10067.56
1777984975.6910455,4.211,80.0,15,15,0.1565,0.1864,9,13,2,0,0,28,False,4755.29,4800.0,1.9563,2.33,-49.0,17,3,4906.86,10221.87
1777985005.705638,3.547,86.27,51,24,0.0925,0.2004,0,23,1,0,0,47,False,5453.3,5581.8847,1.1562,2.505,-132.25,44,6,4325.79,10577.15
1777985035.7190702,3.995,94.12,17,24,0.1274,0.1775,0,24,0,0,0,48,False,6515.49,6643.9308,1.5925,2.2188,-132.25,17,1,4184.49,8054.1
1777985065.7329419,2.612,94.74,19,24,0.0579,0.1697,0,23,1,0,0,47,False,6602.35,6731.7507,0.7238,2.1212,-132.25,17,1,3072.89,6467.22
1777985095.7503307,3.288,100.0,8,21,0.0413,0.1862,3,13,8,0,0,34,False,7402.84,7500.0,0.5163,2.3275,-100.0,9,0,3794.92,6183.22
1777985125.7643824,4.266,60.0,5,20,0.035,0.178,4,20,0,0,0,40,False,2612.41,2700.0,0.4375,2.225,-90.25,12,3,5135.38,10009.25
1777985155.7779663,3.528,80.0,50,24,0.3215,0.1831,0,24,0,0,0,48,False,4674.06,4800.0,4.0187,2.2888,-132.25,44,9,4403.29,10395.93
1777985185.7923,2.491,100.0,18,24,0.1181,0.166,0,24,0,0,0,48,False,7371.3,7500.0,1.4763,2.075,-132.25,16,0,2464.39,3704.33
1777985215.8060403,2.973,100.0,12,21,0.0368,0.177,3,17,4,0,0,38,False,7402.67,7500.0,0.46,2.2125,-100.0,11,0,2868.46,4393.35
1777985245.8192155,4.325,80.0,5,10,0.0284,0.1833,14,9,1,0,0,19,False,4782.4,4800.0,0.355,2.2912,-20.25,9,1,3603.35,6254.0
1777985275.83441,3.099,76.47,17,10,0.2731,0.1968,14,10,0,0,0,20,False,4371.37,4385.7457,3.4138,2.46,-20.25,17,4,4797.83,10072.12
1777985305.8470473,3.931,90.32,31,24,0.4161,0.2012,0,14,10,0,0,38,False,5993.74,6118.2768,5.2012,2.515,-132.25,34,5,4871.86,10239.19
1777985335.860819,2.804,86.67,15,24,0.1105,0.1782,0,22,2,0,0,46,False,5505.13,5633.7667,1.3813,2.2275,-132.25,21,4,5421.56,10105.65
1777985365.874868,3.062,100.0,6,14,0.0226,0.1792,10,14,0,0,0,28,False,7460.27,7500.0,0.2825,2.24,-42.25,8,0,2956.04,3355.57
1777985395.888688,3.458,100.0,26,14,0.1169,0.1837,10,13,1,0,0,27,False,7461.51,7500.0,1.4613,2.2963,-42.25,25,0,3373.71,5492.97
1777985425.905814,3.059,96.77,31,24,0.1568,0.2173,0,3,21,0,0,27,False,6895.75,7023.3247,1.96,2.7163,-132.25,31,1,2927.09,6368.31
1777985455.9190605,3.684,75.0,28,24,0.1702,0.177,0,23,1,0,0,47,False,4090.84,4218.75,2.1275,2.2125,-132.25,37,10,5936.38,10473.54
1777985485.9344819,5.146,100.0,3,18,0.0535,0.1793,6,18,0,0,0,36,False,7430.66,7500.0,0.6687,2.2412,-72.25,3,0,5149.7,4919.58
1777985515.9490595,3.831,100.0,18,11,0.2918,0.204,13,11,0,0,0,22,False,7481.2,7500.0,3.6475,2.55,-25.0,16,0,4014.21,7961.46
1777985545.9633808,3.326,100.0,18,15,0.1485,0.2022,9,14,1,0,0,29,False,7455.38,7500.0,1.8562,2.5275,-49.0,16,0,3611.6,7291.44
1777985575.9782863,2.599,100.0,24,20,0.1621,0.2067,0,0,20,4,0,40,False,7414.36,7500.0,2.0263,2.5837,-90.25,25,2,3314.99,10007.27
1777985605.992448,2.791,58.33,24,24,0.2384,0.1836,0,21,3,0,0,45,False,2424.82,2551.7917,2.98,2.295,-132.25,35,11,5771.89,10637.97
1777985636.00695,2.576,100.0,4,23,0.0345,0.1749,1,22,1,0,0,45,False,7381.62,7500.0,0.4313,2.1862,-121.0,8,0,3625.66,4534.49
1777985666.021055,3.915,100.0,20,15,0.1225,0.1834,9,5,10,0,0,20,False,7454.82,7500.0,1.5312,2.2925,-49.0,18,1,3849.28,7516.55
1777985696.0351841,5.69,72.73,11,15,0.0981,0.1793,9,15,0,0,0,30,False,3921.71,3967.2397,1.2263,2.2412,-49.0,15,3,5686.89,10063.68
1777985726.0507414,4.212,84.91,53,24,0.3872,0.1775,0,23,1,0,0,47,False,5282.09,5407.2811,4.84,2.2188,-132.25,45,7,5162.22,10509.01
1777985756.0655131,3.034,100.0,16,24,0.0416,0.174,0,23,1,0,0,47,False,7370.45,7500.0,0.52,2.175,-132.25,15,0,2957.02,5995.87
1777985786.084319,3.158,100.0,14,13,0.0773,0.1912,11,10,3,0,0,23,False,7467.36,7500.0,0.9662,2.39,-36.0,15,0,3102.85,3986.19
1777985816.1008542,2.119,100.0,2,13,0.0275,0.1819,11,9,4,0,0,22,False,7466.62,7500.0,0.3438,2.2738,-36.0,6,0,2510.73,2996.91
1777985846.114882,4.0,100.0,16,13,0.1709,0.1914,11,13,0,0,0,26,False,7468.53,7500.0,2.1362,2.3925,-36.0,17,0,3755.55,7585.05
1777985876.1310284,3.566,100.0,45,24,0.3165,0.1935,0,21,3,0,0,45,False,7374.12,7500.0,3.9562,2.4188,-132.25,41,0,3616.81,6357.54
1777985906.147855,2.298,100.0,13,24,0.0733,0.1718,0,21,3,0,0,45,False,7370.81,7500.0,0.9163,2.1475,-132.25,15,0,3232.98,6456.34
1777985936.1658642,4.592,100.0,6,12,0.0035,0.183,12,12,0,0,0,24,False,7472.08,7500.0,0.0438,2.2875,-30.25,6,0,4445.11,5961.77
1777985966.1863391,3.408,100.0,7,10,0.1243,0.2144,11,6,4,3,0,31,False,7483.98,7500.0,1.5537,2.68,-20.25,11,2,5314.87,10103.06
1777985996.2025294,3.771,75.0,4,13,0.0763,0.1684,11,13,0,0,0,26,False,4185.81,4218.75,0.9538,2.105,-36.0,7,1,4555.99,5960.36
1777986026.218856,3.135,100.0,13,13,0.0863,0.1974,11,11,2,0,0,24,False,7467.55,7500.0,1.0788,2.4675,-36.0,14,0,3403.06,5185.84
1777986056.23618,4.077,93.1,29,24,0.1323,0.2023,0,9,15,0,0,33,False,6372.64,6500.7075,1.6538,2.5288,-132.25,33,5,3773.85,9649.32
1777986086.2527554,4.061,88.89,18,24,0.1437,0.1704,0,19,5,0,0,43,False,5797.75,5926.0741,1.7962,2.13,-132.25,27,7,5946.91,10207.66
1777986116.2722466,5.062,81.82,11,24,0.0827,0.1873,0,16,8,0,0,40,False,4892.01,5020.8843,1.0337,2.3413,-132.25,15,2,6006.48,10235.47
1777986146.286035,4.956,40.0,5,18,0.049,0.1786,6,17,1,0,0,35,False,1130.6,1200.0,0.6125,2.2325,-72.25,9,3,6917.1,10105.22
1777986176.3003397,3.61,94.12,17,15,0.1305,0.1878,9,14,1,0,0,29,False,6598.91,6643.9308,1.6313,2.3475,-49.0,15,1,4040.95,7222.4
1777986206.31466,4.841,100.0,3,12,0.0535,0.1872,12,11,1,0,0,23,False,7472.76,7500.0,0.6687,2.34,-30.25,4,1,6453.25,6920.16
1777986236.327951,5.469,79.59,49,24,0.3253,0.1598,0,17,7,0,0,41,False,4624.74,4750.9261,4.0663,1.9975,-132.25,46,8,6334.2,10300.06
1777986266.3447094,3.494,100.0,13,24,0.0449,0.1667,0,23,1,0,0,47,False,7370.39,7500.0,0.5613,2.0837,-132.25,15,0,3463.95,5898.73
1777986296.3602874,2.582,100.0,16,13,0.0652,0.1867,11,11,2,0,0,24,False,7467.15,7500.0,0.815,2.3338,-36.0,15,0,2550.86,3492.08
1777986326.3795013,1.837,100.0,4,10,0.0273,0.194,14,9,1,0,0,19,False,7482.52,7500.0,0.3412,2.425,-20.25,7,0,2904.03,4750.12
1777986356.3931153,3.35,100.0,15,10,0.1256,0.1906,14,10,0,0,0,20,False,7483.7,7500.0,1.57,2.3825,-20.25,14,0,3535.07,6276.74
1777986386.4076297,3.473,96.43,56,24,0.321,0.1698,0,21,3,0,0,45,False,6847.94,6974.0587,4.0125,2.1225,-132.25,47,2,3782.33,10009.22
1777986416.422638,3.48,100.0,15,24,0.0796,0.1778,0,24,0,0,0,48,False,7370.97,7500.0,0.995,2.2225,-132.25,14,0,3439.1,6168.08
1777986446.4383197,2.321,90.0,10,14,0.0389,0.1945,10,11,3,0,0,25,False,6035.67,6075.0,0.4862,2.4312,-42.25,12,1,2280.36,2876.58
1777986476.4533699,3.319,100.0,4,13,0.0039,0.1802,11,13,0,0,0,26,False,7466.3,7500.0,0.0487,2.2525,-36.0,7,0,2954.75,3667.8
1777986506.4674153,4.35,80.0,20,13,0.25,0.2007,11,13,0,0,0,26,False,4769.63,4800.0,3.125,2.5088,-36.0,18,4,5650.85,10118.39
1777986536.4805336,4.608,84.62,52,24,0.2993,0.196,0,23,1,0,0,47,False,5244.35,5370.4083,3.7412,2.45,-132.25,45,7,5415.48,10114.25
1777986566.5024087,3.315,100.0,19,24,0.1526,0.1649,0,24,0,0,0,48,False,7371.72,7500.0,1.9075,2.0612,-132.25,17,0,3320.83,6885.21
1777986596.5154376,2.879,100.0,20,24,0.0834,0.1732,0,23,1,0,0,47,False,7370.96,7500.0,1.0425,2.165,-132.25,17,0,2884.0,5325.51
1777986626.5322928,3.056,100.0,14,17,0.0617,0.1726,7,14,3,0,0,31,False,7438.93,7500.0,0.7712,2.1575,-64.0,13,0,2979.13,4828.76
1777986656.5461936,2.736,100.0,3,15,0.0247,0.1799,9,15,0,0,0,30,False,7453.56,7500.0,0.3087,2.2488,-49.0,6,0,3674.62,4145.95
1777986686.5621698,4.429,83.02,53,24,0.2952,0.1838,0,22,2,0,0,46,False,5042.98,5169.2403,3.69,2.2975,-132.25,46,8,5394.1,10491.84
1777986716.5771523,3.214,100.0,15,24,0.0941,0.1753,0,24,0,0,0,48,False,7371.12,7500.0,1.1763,2.1913,-132.25,15,0,3127.23,4393.05
1777986746.5992284,2.821,93.33,15,17,0.0395,0.1977,7,15,2,0,0,32,False,6471.83,6532.8667,0.4938,2.4712,-64.0,16,1,2785.54,4672.46
1777986776.6137934,2.882,100.0,3,14,0.0237,0.1871,10,4,10,0,0,18,False,7460.39,7500.0,0.2963,2.3387,-42.25,7,0,2537.95,3089.01
1777986806.6287713,5.268,100.0,10,14,0.1123,0.1954,10,13,1,0,0,27,False,7461.6,7500.0,1.4038,2.4425,-42.25,17,0,4397.3,9779.92
1777986836.6462257,4.24,85.25,61,24,0.3715,0.1785,0,23,1,0,0,47,False,5325.3,5450.6719,4.6437,2.2312,-132.25,56,9,5058.69,10335.49
1777986866.661162,2.616,100.0,10,24,0.0719,0.1822,0,20,4,0,0,44,False,7370.93,7500.0,0.8988,2.2775,-132.25,12,0,3252.82,4902.93
1777986896.6815815,2.806,100.0,25,24,0.0914,0.196,0,24,0,0,0,48,False,7371.34,7500.0,1.1425,2.45,-132.25,25,0,3050.99,6624.23
1777986926.697594,2.09,100.0,2,19,0.006,0.1792,5,19,0,0,0,38,False,7421.31,7500.0,0.075,2.24,-81.0,2,0,2095.37,1482.51
1777986956.7146091,3.023,100.0,22,16,0.1078,0.1977,0,1,15,8,0,57,False,7447.57,7500.0,1.3475,2.4712,-56.25,29,0,3296.35,6826.65
1777986986.7306824,3.935,78.57,28,24,0.1677,0.1791,0,23,1,0,0,47,False,4502.02,4629.9337,2.0962,2.2388,-132.25,31,5,4962.67,10129.01
1777987016.74589,2.111,100.0,2,24,0.0079,0.1689,0,24,0,0,0,48,False,7369.96,7500.0,0.0988,2.1113,-132.25,3,0,1873.98,1398.94
1777987046.759707,3.031,84.21,19,16,0.0913,0.1822,8,16,0,0,0,32,False,5265.66,5318.4931,1.1413,2.2775,-56.25,17,3,4307.6,10224.92
1777987076.773174,3.918,94.12,17,15,0.2056,0.1941,9,14,1,0,0,29,False,6599.93,6643.9308,2.57,2.4263,-49.0,17,2,4712.9,10007.09
1777987106.7857242,4.3,89.29,56,24,0.304,0.1809,0,16,8,0,0,40,False,5853.34,5979.5281,3.8,2.2612,-132.25,51,6,5184.15,10222.67
1777987136.798941,2.53,100.0,8,24,0.0483,0.1753,0,13,11,0,0,37,False,7370.55,7500.0,0.6038,2.1913,-132.25,16,0,2806.35,4303.56
1777987166.8151903,4.413,88.89,9,20,0.0516,0.1757,4,18,2,0,0,38,False,5838.67,5926.0741,0.645,2.1963,-90.25,14,1,4563.15,6514.96
1777987196.8290248,2.435,90.0,20,20,0.0863,0.1792,4,20,0,0,0,40,False,5988.07,6075.0,1.0788,2.24,-90.25,18,2,3274.36,10034.83
1777987226.8450546,4.341,86.27,51,24,0.3109,0.1855,0,20,4,0,0,44,False,5455.84,5581.8847,3.8862,2.3188,-132.25,45,5,5013.33,10249.66
1777987256.8638313,2.52,92.31,13,24,0.077,0.1712,0,23,1,0,0,47,False,6261.7,6390.8521,0.9625,2.14,-132.25,16,1,3135.62,5564.59
1777987286.8792357,3.892,94.74,19,20,0.1247,0.1819,4,20,0,0,0,40,False,6645.33,6731.7507,1.5588,2.2738,-90.25,18,1,3952.96,6786.17
1777987316.8921878,2.754,100.0,18,17,0.1189,0.1926,7,17,0,0,0,34,False,7439.89,7500.0,1.4863,2.4075,-64.0,17,0,2949.38,5161.21
1777987346.9058821,4.155,100.0,3,13,0.0464,0.1895,11,13,0,0,0,26,False,7466.95,7500.0,0.58,2.3687,-36.0,3,0,4158.96,4211.9
1777987376.923025,4.099,93.1,58,21,0.2749,0.1893,3,19,2,0,0,40,False,6406.51,6500.7075,3.4362,2.3662,-100.0,52,4,4323.49,10224.99
1777987406.939155,3.194,100.0,10,21,0.0516,0.1778,3,17,4,0,0,38,False,7402.87,7500.0,0.645,2.2225,-100.0,12,0,2827.61,4299.05
1777987436.953512,2.858,100.0,13,18,0.0598,0.1776,6,18,0,0,0,36,False,7430.72,7500.0,0.7475,2.22,-72.25,15,0,2640.3,4478.05
1777987466.9673393,3.508,93.75,16,15,0.1575,0.1855,9,15,0,0,0,30,False,6547.08,6591.7969,1.9688,2.3188,-49.0,16,1,3536.5,6048.41
1777987496.9803934,2.49,100.0,3,14,0.0315,0.1819,10,6,8,0,0,20,False,7460.42,7500.0,0.3937,2.2738,-42.25,3,0,2493.42,1491.01
1777987526.993424,4.025,91.3,46,24,0.2398,0.18,0,22,2,0,0,46,False,6124.76,6251.7675,2.9975,2.25,-132.25,47,4,4207.61,10309.28
1777987557.0079207,3.369,100.0,15,24,0.0651,0.1725,0,24,0,0,0,48,False,7370.72,7500.0,0.8138,2.1562,-132.25,14,0,3277.2,5996.83
1777987587.0245204,3.595,95.24,21,24,0.1029,0.177,0,24,0,0,0,48,False,6674.24,6802.9932,1.2863,2.2125,-132.25,18,1,3970.78,10012.07
1777987617.0393808,2.877,84.21,19,23,0.1159,0.1778,1,22,1,0,0,45,False,5201.16,5318.4931,1.4487,2.2225,-121.0,17,3,4151.81,10075.75
1777987647.0551667,3.181,97.44,39,24,0.1213,0.2086,0,16,8,0,0,40,False,6992.79,7120.9152,1.5163,2.6075,-132.25,38,1,3776.19,9907.24
1777987677.0697217,3.299,68.18,22,24,0.1627,0.1879,0,24,0,0,0,48,False,3358.52,3486.3843,2.0337,2.3488,-132.25,24,8,6020.49,10204.94
1777987707.0840387,2.601,100.0,8,24,0.0324,0.1887,0,19,5,0,0,43,False,7370.51,7500.0,0.405,2.3588,-132.25,8,0,2513.86,2470.03
1777987737.0967216,5.309,63.64,11,17,0.1196,0.1847,7,16,1,0,0,33,False,2977.34,3037.5372,1.495,2.3087,-64.0,13,4,6754.09,10156.51
1777987767.1141276,3.812,82.35,17,17,0.1282,0.1995,7,16,1,0,0,33,False,5026.24,5086.1419,1.6025,2.4938,-64.0,16,3,4924.34,10394.82
1777987797.1287823,3.576,93.88,49,17,0.3365,0.193,7,16,1,0,0,33,False,6552.71,6610.0908,4.2063,2.4125,-64.0,43,3,4028.84,10094.63
1777987827.1425765,4.514,90.0,20,17,0.202,0.1921,7,17,0,0,0,34,False,6015.93,6075.0,2.525,2.4013,-64.0,18,3,5480.73,10300.9
1777987857.1588705,3.99,100.0,10,17,0.1069,0.1898,7,16,1,0,0,33,False,7439.71,7500.0,1.3362,2.3725,-64.0,11,0,3546.14,6082.49
1777987887.1721244,3.267,87.5,16,17,0.0779,0.1928,7,14,3,0,0,31,False,5681.57,5742.1875,0.9738,2.41,-64.0,18,2,4203.51,10030.16
1777987917.1853657,3.997,100.0,7,17,0.0819,0.182,0,0,17,7,7,952,True,7439.3,7500.0,1.0237,2.275,-64.0,15,0,3416.36,5493.41
1777987947.1995559,5.926,52.94,34,24,0.25,0.1802,0,15,9,0,0,39,False,1975.11,2101.9827,3.125,2.2525,-132.25,44,14,6605.56,10471.09
1777987977.2122355,2.646,100.0,4,24,0.0156,0.1723,0,19,5,0,0,43,False,7370.1,7500.0,0.195,2.1538,-132.25,15,2,4120.04,10102.65
1777988007.227316,3.238,100.0,10,24,0.0596,0.1845,0,24,0,0,0,48,False,7370.8,7500.0,0.745,2.3062,-132.25,14,0,2989.96,5989.89
1777988037.242891,3.853,100.0,20,16,0.2206,0.1885,8,15,1,0,0,31,False,7448.86,7500.0,2.7575,2.3563,-56.25,17,0,3861.15,6972.0
1777988067.2559705,3.738,84.0,50,24,0.3927,0.2015,0,21,3,0,0,45,False,5167.18,5292.0,4.9087,2.5188,-132.25,44,8,4949.72,10196.98
1777988097.269838,2.728,100.0,18,24,0.0669,0.1763,0,23,1,0,0,47,False,7370.79,7500.0,0.8363,2.2038,-132.25,18,1,3087.46,5664.08
1777988127.2824376,2.848,100.0,12,22,0.0463,0.1725,2,18,4,0,0,40,False,7392.48,7500.0,0.5787,2.1562,-110.25,14,1,2934.77,6154.67
1777988157.2953987,4.036,100.0,8,14,0.0314,0.1903,10,10,4,0,0,24,False,7460.52,7500.0,0.3925,2.3788,-42.25,12,0,4178.25,8382.39
1777988187.3106434,3.864,87.5,8,14,0.1168,0.1833,10,13,1,0,0,27,False,5703.69,5742.1875,1.46,2.2912,-42.25,11,1,5064.62,7332.39
1777988217.3224876,4.612,82.61,46,24,0.3293,0.192,0,23,1,0,0,47,False,4992.58,5118.3091,4.1162,2.4,-132.25,44,11,5987.99,10236.1
1777988247.3375165,3.233,82.35,17,24,0.131,0.1708,0,24,0,0,0,48,False,4957.66,5086.1419,1.6375,2.135,-132.25,17,3,4550.66,10269.68
1777988277.3500104,2.507,100.0,12,22,0.0456,0.1733,2,20,2,0,0,42,False,7392.49,7500.0,0.57,2.1663,-110.25,13,0,2649.23,4396.74
1777988307.3687677,4.469,100.0,10,17,0.0582,0.1811,7,15,2,0,0,32,False,7438.99,7500.0,0.7275,2.2637,-64.0,13,0,3638.08,6392.07
1777988337.3824573,3.419,100.0,10,17,0.076,0.1779,7,17,0,0,0,34,False,7439.17,7500.0,0.95,2.2237,-64.0,11,0,3113.95,4922.44
1777988367.396114,4.909,100.0,32,24,0.2306,0.2338,0,20,4,0,0,44,False,7373.55,7500.0,2.8825,2.9225,-132.25,40,9,6526.49,10287.78
1777988397.4114807,3.531,100.0,15,24,0.1333,0.1654,0,21,3,0,0,45,False,7371.48,7500.0,1.6663,2.0675,-132.25,18,4,5062.55,10153.89
1777988427.4303112,3.185,100.0,4,18,0.0427,0.1764,6,14,4,0,0,32,False,7430.49,7500.0,0.5338,2.205,-72.25,8,1,3806.15,6883.13
1777988457.4455435,3.203,100.0,12,15,0.065,0.1781,9,15,0,0,0,30,False,7454.04,7500.0,0.8125,2.2263,-49.0,15,0,3162.98,6292.38
1777988487.4578383,3.511,100.0,20,15,0.0967,0.1918,9,14,1,0,0,29,False,7454.61,7500.0,1.2087,2.3975,-49.0,18,0,3491.08,5688.27
1777988517.4715075,3.137,84.78,46,24,0.2819,0.1749,0,22,2,0,0,46,False,5264.2,5390.7363,3.5237,2.1862,-132.25,41,6,4294.93,10162.95
1777988547.4841423,2.792,95.0,20,24,0.1345,0.18,0,24,0,0,0,48,False,6640.43,6768.75,1.6813,2.25,-132.25,20,2,3397.78,10004.59
1777988577.4977906,3.28,100.0,21,22,0.1473,0.1731,2,22,0,0,0,44,False,7393.76,7500.0,1.8412,2.1637,-110.25,18,0,3284.39,6258.91
1777988607.5102317,2.555,100.0,19,21,0.1087,0.1772,3,21,0,0,0,42,False,7403.57,7500.0,1.3588,2.215,-100.0,17,0,2524.13,4203.95
1777988637.5233989,5.028,100.0,2,14,0.0315,0.1937,10,2,12,0,0,16,False,7460.57,7500.0,0.3937,2.4213,-42.25,2,0,5031.79,4358.74
1777988667.5367393,4.499,86.96,46,24,0.1547,0.1789,0,22,2,0,0,46,False,5543.45,5671.5312,1.9338,2.2363,-132.25,46,5,4716.69,10042.03
1777988697.549959,3.101,100.0,15,24,0.0472,0.1753,0,24,0,0,0,48,False,7370.53,7500.0,0.59,2.1913,-132.25,16,0,2921.9,4802.24
1777988727.5628874,2.233,90.0,20,22,0.0811,0.1817,2,22,0,0,0,44,False,5968.03,6075.0,1.0138,2.2713,-110.25,17,2,3160.93,10004.83
1777988757.576388,2.325,100.0,14,16,0.0772,0.1983,8,15,1,0,0,31,False,7447.19,7500.0,0.965,2.4788,-56.25,16,2,3931.95,10120.08
1777988787.5889094,4.094,100.0,3,12,0.0204,0.1835,12,12,0,0,0,24,False,7472.3,7500.0,0.255,2.2938,-30.25,3,0,4097.73,2427.78
1777988817.602981,4.399,69.23,52,24,0.2751,0.1743,0,21,3,0,0,45,False,3467.96,3594.5947,3.4388,2.1787,-132.25,50,14,5767.96,10206.57
1777988847.6157963,2.849,100.0,8,24,0.0911,0.1675,0,24,0,0,0,48,False,7370.98,7500.0,1.1387,2.0938,-132.25,11,1,3573.44,5709.99
1777988877.6303992,2.699,100.0,20,24,0.0933,0.1722,0,23,1,0,0,47,False,7371.07,7500.0,1.1663,2.1525,-132.25,17,0,2705.22,4995.9
1777988907.642934,2.781,100.0,19,17,0.1422,0.1865,7,17,0,0,0,34,False,7440.11,7500.0,1.7775,2.3312,-64.0,19,1,3125.22,7214.93
1777988937.6564221,2.955,91.84,49,17,0.306,0.1976,7,17,0,0,0,34,False,6268.23,6325.9392,3.825,2.47,-64.0,43,4,3602.28,10315.55
1777988967.671221,2.503,100.0,19,17,0.0919,0.1802,7,17,0,0,0,34,False,7439.4,7500.0,1.1487,2.2525,-64.0,17,0,2655.74,4808.16
1777988997.684732,4.419,100.0,21,17,0.1932,0.1897,7,15,2,0,0,32,False,7440.79,7500.0,2.415,2.3713,-64.0,18,0,4426.37,9564.19
1777989027.7000434,3.988,100.0,18,17,0.1201,0.1806,7,16,1,0,0,33,False,7439.76,7500.0,1.5012,2.2575,-64.0,17,0,3783.28,7409.68
1777989057.7124612,3.802,95.83,48,24,0.3979,0.2015,0,22,2,0,0,46,False,6762.78,6887.5417,4.9737,2.5188,-132.25,43,2,4123.1,10008.3
1777989087.7249372,2.939,88.89,18,24,0.0766,0.1852,0,24,0,0,0,48,False,5797.1,5926.0741,0.9575,2.315,-132.25,19,4,4392.02,10178.82
1777989117.739033,1.536,100.0,3,24,0.0143,0.182,0,19,5,0,0,43,False,7370.2,7500.0,0.1787,2.275,-132.25,7,0,3025.07,5161.42
1777989147.7549946,2.99,100.0,12,21,0.0249,0.1792,3,16,5,0,0,37,False,7402.55,7500.0,0.3112,2.24,-100.0,14,0,3621.91,8044.16
1777989177.77417,3.701,100.0,16,21,0.1187,0.1819,3,9,12,0,0,30,False,7403.76,7500.0,1.4837,2.2738,-100.0,22,0,3223.86,6686.75
1777989207.7866743,4.02,74.0,50,21,0.2789,0.2098,3,15,6,0,0,36,False,4013.11,4107.0,3.4862,2.6225,-100.0,47,11,5494.65,10996.83
1777989237.8027883,3.773,100.0,8,21,0.0166,0.1802,3,15,6,0,0,36,False,7402.46,7500.0,0.2075,2.2525,-100.0,11,0,3811.05,6051.63
1777989267.8176153,4.24,100.0,15,21,0.0956,0.1805,3,21,0,0,0,42,False,7403.45,7500.0,1.195,2.2563,-100.0,17,0,3846.31,8275.86
1777989297.831085,4.202,90.0,20,18,0.141,0.1816,6,18,0,0,0,36,False,6006.78,6075.0,1.7625,2.27,-72.25,17,2,4901.9,10073.18
1777989327.8441267,3.619,75.0,52,24,0.2843,0.1943,0,23,1,0,0,47,False,4092.48,4218.75,3.5537,2.4287,-132.25,45,11,4852.63,10350.82
1777989357.857298,2.481,100.0,16,24,0.089,0.1726,0,24,0,0,0,48,False,7371.02,7500.0,1.1125,2.1575,-132.25,15,0,2518.9,3794.13
1777989387.8716533,1.501,100.0,3,18,0.0166,0.1822,6,18,0,0,0,36,False,7430.24,7500.0,0.2075,2.2775,-72.25,4,0,1603.62,1784.69
1777989417.8837297,3.997,94.12,17,12,0.2319,0.1848,12,12,0,0,0,24,False,6618.89,6643.9308,2.8987,2.31,-30.25,16,1,4509.2,9671.07
1777989447.8986604,4.746,100.0,19,15,0.1936,0.1821,9,14,1,0,0,29,False,7455.7,7500.0,2.42,2.2763,-49.0,16,0,4751.23,8572.89
1777989477.9115133,3.422,100.0,37,24,0.1908,0.2022,0,19,5,0,0,43,False,7372.66,7500.0,2.385,2.5275,-132.25,41,2,4076.62,10314.57
1777989507.929249,3.699,76.92,26,24,0.1671,0.182,0,24,0,0,0,48,False,4309.63,4437.5148,2.0888,2.275,-132.25,23,5,5022.96,10186.18
1777989537.941927,2.906,100.0,4,24,0.0226,0.1717,0,21,3,0,0,45,False,7370.18,7500.0,0.2825,2.1462,-132.25,5,0,3037.58,3552.22
1777989567.9561126,3.942,92.31,13,14,0.1357,0.1814,10,13,1,0,0,27,False,6352.57,6390.8521,1.6962,2.2675,-42.25,13,1,4041.46,7083.62
1777989597.9751215,3.056,94.12,17,14,0.1648,0.1898,10,14,0,0,0,28,False,6606.11,6643.9308,2.06,2.3725,-42.25,17,1,3354.32,6896.72
1777989627.9868956,2.864,100.0,6,12,0.0521,0.1884,0,0,12,12,3,372,False,7472.76,7500.0,0.6512,2.355,-30.25,8,0,2678.48,3191.65
1777989658.0028539,4.779,82.5,40,24,0.1871,0.1571,0,20,4,0,0,44,False,4976.74,5104.6875,2.3387,1.9637,-132.25,45,6,4682.91,10522.11
1777989688.02027,3.656,100.0,9,24,0.0612,0.1633,0,23,1,0,0,47,False,7370.56,7500.0,0.765,2.0412,-132.25,11,0,3527.02,4973.3
1777989718.033981,3.354,94.12,17,20,0.0922,0.1701,4,19,1,0,0,39,False,6556.96,6643.9308,1.1525,2.1263,-90.25,16,1,3358.45,7373.71
1777989748.0498695,3.521,100.0,18,16,0.0944,0.1918,8,15,1,0,0,31,False,7447.33,7500.0,1.18,2.3975,-56.25,16,1,3967.81,9265.53
1777989778.0662334,3.62,86.36,22,20,0.1374,0.2137,1,2,18,3,0,37,False,5507.68,5593.5372,1.7175,2.6713,-90.25,29,4,4553.35,10105.39
1777989808.081166,5.686,53.33,15,23,0.1314,0.1752,1,20,3,0,0,43,False,2015.9,2133.0667,1.6425,2.19,-121.0,21,8,6490.4,10520.61
1777989838.0955129,3.533,93.75,16,23,0.0967,0.1706,1,23,0,0,0,46,False,6474.14,6591.7969,1.2087,2.1325,-121.0,14,1,4005.54,8899.07
1777989868.1078076,2.234,100.0,8,12,0.0423,0.1916,12,8,4,0,0,20,False,7472.67,7500.0,0.5287,2.395,-30.25,13,0,2476.61,3682.74
1777989898.1197941,3.29,100.0,20,12,0.1675,0.1952,12,11,1,0,0,23,False,7474.28,7500.0,2.0938,2.44,-30.25,22,0,3578.72,6307.46
1777989928.1339116,5.271,100.0,3,12,0.0263,0.1837,12,10,2,0,0,22,False,7472.38,7500.0,0.3287,2.2963,-30.25,4,0,4448.1,6005.23
1777989958.1468616,4.032,81.25,48,24,0.2778,0.1664,0,24,0,0,0,48,False,4824.47,4951.1719,3.4725,2.08,-132.25,43,8,4211.41,10099.78
1777989988.1606655,3.191,100.0,20,24,0.0624,0.162,0,22,2,0,0,46,False,7370.55,7500.0,0.78,2.025,-132.25,17,0,3194.28,6051.79
1777990018.1727967,3.17,95.24,21,21,0.1152,0.1701,3,21,0,0,0,42,False,6706.56,6802.9932,1.44,2.1263,-100.0,19,2,3461.47,8588.96
1777990048.1887188,2.926,88.24,17,20,0.1428,0.1841,4,20,0,0,0,40,False,5753.56,5839.7232,1.785,2.3013,-90.25,15,2,3898.89,10006.21
1777990078.2022939,3.587,100.0,45,24,0.1687,0.2024,0,19,5,0,0,43,False,7372.39,7500.0,2.1087,2.53,-132.25,42,1,4145.91,9885.96
1777990108.215225,3.126,100.0,14,24,0.0821,0.1843,0,23,1,0,0,47,False,7371.08,7500.0,1.0263,2.3037,-132.25,20,4,4871.68,10262.77
1777990138.2322998,2.614,100.0,7,24,0.0383,0.1888,0,18,6,0,0,42,False,7370.59,7500.0,0.4788,2.36,-132.25,13,0,2853.1,3783.1
1777990168.2457175,3.825,100.0,24,23,0.1145,0.1844,1,23,0,0,0,46,False,7382.74,7500.0,1.4313,2.305,-121.0,25,0,4019.83,7009.41
1777990198.2592738,3.075,100.0,13,23,0.0885,0.1859,0,3,20,1,0,31,False,7382.43,7500.0,1.1062,2.3237,-121.0,17,0,3011.59,4677.15
1777990228.273719,3.945,93.94,33,24,0.1413,0.1821,0,22,2,0,0,46,False,6490.34,6618.5427,1.7663,2.2763,-132.25,41,2,4004.8,10163.17
1777990258.286576,3.024,100.0,3,24,0.0196,0.1786,0,22,2,0,0,46,False,7370.23,7500.0,0.245,2.2325,-132.25,5,0,3603.11,4341.18
1777990288.300859,2.998,100.0,19,14,0.112,0.1933,10,14,0,0,0,28,False,7461.57,7500.0,1.4,2.4162,-42.25,16,0,3001.2,7690.48
1777990318.3130317,2.5,100.0,18,14,0.072,0.1921,10,13,1,0,0,27,False,7461.05,7500.0,0.9,2.4013,-42.25,16,0,2605.14,4185.04
1777990348.3256338,3.058,100.0,2,10,0.0087,0.1835,14,10,0,0,0,20,False,7482.15,7500.0,0.1087,2.2938,-20.25,3,0,3201.73,3481.98
1777990378.3379726,4.139,79.07,43,24,0.3739,0.1929,0,20,4,0,0,44,False,4563.88,4689.0487,4.6738,2.4112,-132.25,40,10,5268.85,10278.07
1777990408.3509476,2.729,71.43,14,24,0.0869,0.1739,0,21,3,0,0,45,False,3697.69,3826.6837,1.0863,2.1738,-132.25,17,4,4824.19,10172.41
1777990438.3675675,4.054,60.0,5,17,0.008,0.1775,7,17,0,0,0,34,False,2638.32,2700.0,0.1,2.2188,-64.0,6,2,5691.45,10006.45
1777990468.3805296,2.672,100.0,16,13,0.1003,0.1949,11,12,1,0,0,25,False,7467.69,7500.0,1.2537,2.4362,-36.0,16,0,2979.07,7798.94
1777990498.3929749,4.133,100.0,20,13,0.2471,0.2106,11,13,0,0,0,26,False,7469.72,7500.0,3.0887,2.6325,-36.0,19,1,4592.61,8312.96
1777990528.409011,4.613,83.02,53,24,0.3131,0.1778,0,22,2,0,0,46,False,5043.13,5169.2403,3.9137,2.2225,-132.25,48,8,5276.76,10199.18
1777990558.4235861,3.403,90.0,20,24,0.1048,0.1671,0,23,1,0,0,47,False,5946.15,6075.0,1.31,2.0888,-132.25,28,2,4111.56,10011.25
1777990588.436456,1.886,100.0,9,24,0.0319,0.1784,0,20,4,0,0,44,False,7370.38,7500.0,0.3987,2.23,-132.25,13,0,2602.22,5775.24
1777990618.4520707,2.814,100.0,12,15,0.027,0.1803,9,15,0,0,0,30,False,7453.59,7500.0,0.3375,2.2537,-49.0,10,0,2817.58,4964.87
1777990648.4765866,4.225,64.91,57,24,0.3169,0.1908,0,17,7,0,0,41,False,3034.08,3159.9811,3.9613,2.385,-132.25,50,17,5745.84,11475.93
1777990678.4951124,4.104,90.0,10,24,0.1178,0.1721,0,23,1,0,0,47,False,5946.37,6075.0,1.4725,2.1513,-132.25,11,1,4900.77,10161.03
1777990708.5103014,3.381,94.74,19,19,0.0861,0.1822,5,19,0,0,0,38,False,6654.1,6731.7507,1.0762,2.2775,-81.0,18,1,3998.12,9341.91
1777990738.5268865,4.053,95.0,20,17,0.1403,0.184,7,17,0,0,0,34,False,6708.8,6768.75,1.7538,2.3,-64.0,18,1,4259.46,8974.06
1777990768.540645,1.994,100.0,3,18,0.0135,0.183,0,0,18,6,1,148,False,7430.21,7500.0,0.1688,2.2875,-72.25,15,2,2391.25,3927.2
1777990798.5545585,3.921,82.69,52,24,0.2864,0.1928,0,23,1,0,0,47,False,5001.97,5128.2271,3.58,2.41,-132.25,46,7,5044.23,10527.48
1777990828.5676172,3.064,100.0,12,24,0.0265,0.1783,0,19,5,0,0,43,False,7370.31,7500.0,0.3312,2.2287,-132.25,13,0,2943.52,5981.23
1777990858.5859735,3.549,100.0,9,22,0.0446,0.179,2,17,5,0,0,39,False,7392.55,7500.0,0.5575,2.2375,-110.25,10,0,3455.29,4358.58
1777990888.5989318,5.312,100.0,15,20,0.1208,0.1812,4,20,0,0,0,40,False,7413.53,7500.0,1.51,2.265,-90.25,15,0,5148.96,8233.24
1777990918.6132207,4.274,85.71,49,24,0.3809,0.1834,0,23,1,0,0,47,False,5384.46,5509.6531,4.7613,2.2925,-132.25,44,7,5089.87,10200.96
1777990948.62471,3.471,83.33,18,24,0.151,0.1849,0,23,1,0,0,47,False,5079.87,5207.9167,1.8875,2.3113,-132.25,16,3,4739.1,10076.61
1777990978.6374738,4.113,95.0,20,24,0.138,0.1791,0,23,1,0,0,47,False,6640.46,6768.75,1.725,2.2388,-132.25,18,1,4308.58,9865.48
1777991008.6499789,3.369,93.75,16,24,0.1137,0.1874,0,23,1,0,0,47,False,6463.31,6591.7969,1.4212,2.3425,-132.25,16,1,4390.62,8985.83
1777991038.6664622,1.687,100.0,4,18,0.0148,0.1785,2,0,18,4,0,38,False,7430.17,7500.0,0.185,2.2312,-72.25,10,0,3051.56,4062.42
1777991068.679478,3.705,88.0,50,24,0.2404,0.1741,0,19,5,0,0,43,False,5680.93,5808.0,3.005,2.1763,-132.25,48,5,4557.72,10356.94
1777991098.691588,3.252,77.78,9,24,0.009,0.1738,0,23,1,0,0,47,False,4407.33,4537.2963,0.1125,2.1725,-132.25,10,2,4680.63,10306.04
1777991128.7052367,2.384,100.0,16,20,0.0682,0.1784,4,20,0,0,0,40,False,7412.83,7500.0,0.8525,2.23,-90.25,15,0,2481.36,3967.39
1777991158.718005,2.349,100.0,19,15,0.054,0.1823,9,15,0,0,0,30,False,7453.95,7500.0,0.675,2.2788,-49.0,16,0,2353.28,3200.75
1777991188.7301607,2.206,100.0,3,11,0.0409,0.1837,13,8,3,0,0,19,False,7477.81,7500.0,0.5112,2.2963,-25.0,5,0,2440.99,3093.32
1777991218.744494,4.801,83.87,62,24,0.367,0.1829,0,24,0,0,0,48,False,5150.26,5275.6327,4.5875,2.2862,-132.25,57,9,5434.9,10356.09
1777991248.7568614,2.723,100.0,2,24,0.0128,0.1721,0,23,1,0,0,47,False,7370.06,7500.0,0.16,2.1513,-132.25,2,0,2726.59,1462.57
